"","sort(colSums(as.matrix(tweets_con_dtm_tfidf2)), decreasing = TRUE)"
"expenditure",14.0239600889998
"tax",13.182846472252
"revenue",9.59274275033159
"development",9.35775145232595
"industries",9.27226445902327
"economic",9.10200445864609
"services",9.03008694659373
"economy",8.11460295462536
"public",8.02220080646555
"government",7.76070893818816
"fiscal",7.69213216769386
"financial",7.56757743002873
"land",7.46993128010328
"forecast",7.46137231561551
"growth",7.17259403225814
"social",7.1512967137628
"measures",7.05564616182416
"propose",6.99629927020103
"scheme",6.91830469315599
"elderly",6.91578520780669
"additional",6.87610632514155
"market",6.78847754383039
"estimate",6.70439879613028
"increase",6.59796203143793
"support",6.57673279209173
"business",6.56996133114023
"care",6.53483803678981
"reserves",6.52484806419695
"community",6.5244100693257
"education",6.50955643935706
"account",6.48411080276898
"industry",6.45863597356299
"mainland",6.33893002525177
"capital",6.3026954533699
"fund",6.20247836696112
"new",6.19976753363209
"people",6.06398475249972
"provide",5.9528357119704
"operating",5.91379189861242
"enterprises",5.88331673544766
"gdp",5.79566024245836
"tourism",5.78541642715284
"resources",5.70442318360177
"projects",5.69742010219206
"proposal",5.58892484990337
"health",5.4826163178284
"trade",5.42729627211503
"opportunities",5.40868431530846
"estimated",5.37413530772466
"recurrent",5.34119845774389
"cost",5.21317917982886
"international",5.19758445204234
"duty",5.04234429043872
"employment",5.01167753051008
"service",4.93319284125252
"continue",4.93233750388636
"enhance",4.92279327895475
"use",4.91278523953833
"deficit",4.87061747357816
"quality",4.81532160838182
"funding",4.74451092979613
"housing",4.72004842282757
"future",4.69896411274124
"policy",4.68925127426673
"local",4.67059920668886
"technology",4.6673666174066
"two",4.66069761738885
"budget",4.63973629414276
"training",4.62484145908918
"original",4.60417870831168
"set",4.5292371533642
"buildings",4.51548865884245
"rates",4.49571116824028
"facilities",4.40302513762539
"sites",4.39721943349731
"markets",4.39273412268303
"programme",4.3674782315082
"next",4.34632259642432
"help",4.32354845356797
"first",4.32141754690688
"allowance",4.311715814075
"places",4.28838603845721
"investment",4.28752085088094
"promote",4.28082467841091
"months",4.2622406854423
"major",4.25806565665957
"rmb",4.25132973948241
"cooperation",4.24692187458408
"expected",4.23894872023793
"medium",4.22182246103303
"three",4.21138552260948
"works",4.20041631234992
"challenges",4.19783670486273
"vehicles",4.15361125142263
"inflation",4.12772018681438
"average",4.11511362247449
"global",4.09910180856586
"private",4.09596749329316
"area",4.09320748942226
"construction",4.08043828038463
"welfare",4.07797956643224
"building",4.0623416048209
"improve",4.06130812043858
"one",4.05781850721102
"make",4.04711059310622
"sports",4.03030739966658
"need",3.94913287381927
"well",3.93036683237022
"benefit",3.92219772160782
"profits",3.91397656250079
"centre",3.88247507415138
"areas",3.86497925646474
"percent",3.84620891480689
"council",3.84518931990221
"number",3.82592821104107
"strengthen",3.82060263018396
"work",3.82021698241109
"past",3.81506447394983
"give",3.8140651706329
"infrastructure",3.80154887535565
"annual",3.7880268860361
"green",3.7594439873216
"reduce",3.74185662639681
"four",3.72233132483707
"supply",3.71376777352967
"developing",3.71016878536023
"reduction",3.70700786961173
"promoting",3.69849012237565
"environment",3.67442765895845
"professional",3.67150764801522
"various",3.66732881240464
"trading",3.66317186646418
"level",3.64659084577664
"wine",3.6429820077514
"plan",3.63101321466804
"since",3.60871428975174
"management",3.60306854464575
"logistics",3.59773340891092
"residential",3.57514328047162
"bond",3.57163694374435
"sector",3.56324340918234
"subject",3.55729628114021
"encourage",3.55581756863862
"terms",3.5514486703329
"important",3.53894581325527
"peoples",3.52862695955158
"period",3.51687543442589
"creative",3.50764549391471
"ceiling",3.4954083572423
"surplus",3.49139359232006
"taxpayers",3.49075338598443
"design",3.47943938994244
"competitiveness",3.47623196807176
"city",3.47119441216485
"world",3.46038043005155
"five",3.45670213219659
"relevant",3.45108734084354
"students",3.44775435038414
"sectors",3.43599892304989
"address",3.41846487598375
"take",3.41656579580187
"increased",3.38681428901148
"governments",3.38124288690247
"arts",3.37594433800707
"system",3.34523587382536
"higher",3.33912342606543
"march",3.33749474554407
"population",3.32912515174972
"proposals",3.32119997502896
"revised",3.31900291762364
"end",3.31105958480215
"estimates",3.31000894333839
"order",3.28893043751277
"coming",3.28591867541537
"property",3.28430504546646
"including",3.28343815327404
"equivalent",3.28255516521356
"efforts",3.27894190330611
"fees",3.26978956666361
"research",3.2586000737472
"departments",3.25538886547427
"allocate",3.25538024134749
"programmes",3.25381729854375
"announced",3.23928256723589
"develop",3.23721922354229
"providing",3.23367684900211
"real",3.23021346947108
"properties",3.22973828672175
"term",3.2254501174898
"view",3.22469032711553
"needs",3.21247042497993
"finances",3.20735278085946
"many",3.20418950243261
"working",3.20232126718578
"meet",3.19631006922302
"salaries",3.1828483301006
"longterm",3.17889579190659
"persons",3.17585377104384
"pillar",3.15141925816069
"society",3.14679741021856
"district",3.14158270321683
"activities",3.13110993236408
"external",3.12726638352649
"innovation",3.112562704995
"review",3.10580470729543
"time",3.09366794832654
"cultural",3.08119768501978
"high",3.07491822781239
"may",3.07429276348399
"air",3.07335773301829
"talent",3.07313504123765
"protection",3.06613390453866
"domestic",3.06462774564454
"commercial",3.06341148097076
"home",3.05771735750126
"range",3.05199798742039
"achieve",3.0367165929766
"organisations",3.01822854317716
"six",3.01594289926875
"bonds",2.99314491803877
"forward",2.98086233360306
"second",2.96994479172698
"funds",2.95784591046122
"like",2.95551548573226
"performance",2.95027595016131
"department",2.94446355845723
"economies",2.94249885278359
"lower",2.93124617452167
"pilot",2.92785036396995
"full",2.92545916845953
"sale",2.91878453128192
"around",2.91366708473395
"implementation",2.91257812961915
"introduce",2.89693632903819
"implement",2.88672859500535
"life",2.87699235779436
"proposed",2.87135086801474
"security",2.86889437831763
"february",2.86340832332747
"ahead",2.86085695086391
"overseas",2.85342697141383
"initiatives",2.85063304575841
"charges",2.84917154205019
"revision",2.83083293493126
"healthcare",2.82986253771679
"civil",2.80951916990315
"following",2.80918620344645
"enhancing",2.78980004525188
"chief",2.77987516319089
"oneoff",2.76916631327585
"consolidated",2.7666172836471
"environmental",2.76525779562647
"centres",2.75906857033439
"project",2.75334493891319
"office",2.75014240896052
"disadvantaged",2.74412280133865
"burden",2.74063113236596
"hospital",2.72032500170701
"date",2.72016463594988
"notices",2.71565310772309
"consider",2.70662869053402
"living",2.6929257944878
"manpower",2.67076128535323
"livelihood",2.67035367154046
"existing",2.66619450280123
"build",2.66557952714864
"overall",2.65726865072288
"launch",2.65257040858896
"hope",2.64228893450022
"transport",2.63441956748125
"income",2.62091113704708
"quarter",2.61644449398179
"position",2.61637045045926
"related",2.61609783337715
"demand",2.60873980066265
"believe",2.60799842161744
"put",2.6069569044376
"financing",2.60504744456526
"medical",2.59991887826036
"caring",2.5908274654211
"apart",2.58282488134318
"low",2.57881204742535
"recent",2.56030503469023
"assessment",2.55515458555063
"balance",2.55448098706988
"provision",2.55320362791697
"increasing",2.54543725093792
"maintain",2.53904983015832
"target",2.5331962273002
"study",2.52352110792
"labour",2.52340918711792
"whole",2.51923261859942
"better",2.51875927055923
"pressure",2.51592414412548
"groups",2.5086255005227
"greater",2.50405605146178
"create",2.49840548666527
"film",2.49596435633329
"share",2.4956379771286
"good",2.49401419895387
"young",2.48575114313737
"sustainable",2.48116915707158
"different",2.48058737508338
"mainly",2.47366749526334
"include",2.46704437731874
"promotion",2.46573778576334
"prices",2.46467183782204
"still",2.4570245535298
"epidemic",2.45467200061076
"old",2.45305847622028
"retail",2.45274304250662
"culture",2.44698586505236
"bill",2.44519183063808
"members",2.44282300307777
"cssa",2.441865216314
"executive",2.44181176639616
"information",2.43843650460713
"electric",2.42994620776089
"pay",2.42940897074164
"companies",2.42866179904397
"units",2.42506924921367
"interest",2.42319868054499
"hotel",2.4212440369572
"extend",2.42025950268833
"attract",2.41823673140672
"launched",2.41595074890162
"jobs",2.41419576212648
"recovery",2.40950874458322
"value",2.40639839179538
"however",2.40091570442415
"half",2.39844374016624
"assistance",2.3904075754074
"long",2.39040357845976
"recipients",2.38967428738386
"competitive",2.38480468558308
"park",2.37153727375888
"supporting",2.37128461045937
"within",2.36008837617172
"present",2.34963403021274
"competition",2.34590766609854
"institutions",2.33525154065301
"implemented",2.33269769833371
"deduction",2.32802646792108
"provided",2.32746692281021
"finance",2.32286443208801
"amount",2.32216773881826
"child",2.31809942574144
"personal",2.31717895504356
"bring",2.30953102551871
"strive",2.30571493563547
"effect",2.30325046300642
"potential",2.30090901330299
"products",2.29826929650411
"ensure",2.29259053638712
"addition",2.29037100536368
"month",2.28934066533233
"taking",2.28233090194473
"disabilities",2.2780471813818
"price",2.27763948104645
"nearly",2.27397462596488
"current",2.26714364786961
"facilitate",2.26117239714823
"open",2.25827399083524
"concession",2.2554979816534
"raise",2.25401979631469
"situation",2.25263109137213
"small",2.24650258408224
"region",2.24442905996109
"families",2.24433892851114
"reach",2.24275694816992
"due",2.24164272376284
"invest",2.23744495894904
"measure",2.23726215493469
"subsidy",2.23331299270168
"generate",2.23155915054738
"capacity",2.22553607625706
"planning",2.22380802782269
"percentage",2.21453737531835
"businesses",2.21154569847611
"application",2.21020692187658
"art",2.21018011011586
"registration",2.2086664498428
"improvement",2.20450123997959
"group",2.20258109134194
"line",2.19897522321228
"possible",2.19689187991785
"diversified",2.17844666687622
"arrangements",2.17774370397405
"diesel",2.17589227810786
"wealth",2.16721681935107
"already",2.16579453337694
"rateable",2.16554805746937
"exchange",2.16209894871399
"job",2.16044647499491
"making",2.15725904027181
"principle",2.15547910677066
"early",2.15344813193913
"actively",2.15186097819819
"earmarked",2.14124048679841
"smes",2.12486368941555
"learning",2.1166178209729
"startups",2.11583978156806
"committee",2.113486124858
"internal",2.10771572362549
"commission",2.10224855131284
"made",2.09539600132327
"districts",2.09516275150162
"authority",2.09273404249832
"far",2.08636406812229
"country",2.08618053622065
"representing",2.0853945508079
"hub",2.08459888566803
"operation",2.08438488275737
"asia",2.08306212720814
"initiative",2.07590377304696
"energy",2.07570072947762
"platform",2.07554851900295
"offices",2.06552765867012
"advantages",2.06322650357754
"appropriate",2.06024574652701
"bureau",2.04935264306697
"expand",2.04802879199118
"approved",2.04093559565123
"national",2.03750740003057
"expect",2.03698852302986
"given",2.03650126909681
"introduced",2.02986846193306
"aged",2.02772263212433
"law",2.02749553414866
"spending",2.02574556721799
"discuss",2.02159122886688
"impact",2.0189081081131
"guangdong",2.01112879292209
"inject",2.00831688550833
"effective",2.00198580872535
"fee",2.00194186902706
"together",1.99754308338864
"family",1.99549645371122
"special",1.99176890612168
"investors",1.98599760063377
"regional",1.9841004962046
"consultation",1.98343682431353
"relief",1.98253551205403
"harbourfront",1.97758726747922
"reform",1.97692009796388
"production",1.97652732613192
"trend",1.97585465266554
"mentioned",1.97061507213901
"investing",1.9698620075202
"food",1.96753577892143
"crisis",1.96118196756446
"efficient",1.9551164391509
"general",1.95179617991093
"industrial",1.94928736707322
"standard",1.94882360922743
"road",1.9376262943364
"seek",1.93194312698596
"stamp",1.93145958864777
"insurance",1.92636539782981
"maintaining",1.91922747140976
"difficulties",1.91912194020042
"waive",1.91627282444451
"cargo",1.91609182378334
"goods",1.90774416017911
"basic",1.90713699591135
"residents",1.90642084980142
"force",1.90383864195772
"secretary",1.89684694445905
"necessary",1.89589579552292
"ten",1.89258724737513
"role",1.89177981383815
"regime",1.88732940797049
"offer",1.88017580201436
"urban",1.87899988428982
"commitment",1.87727694308635
"prospects",1.8721476340797
"cover",1.87192913799894
"emerging",1.8701861992503
"among",1.86808867248525
"keep",1.86738332206889
"airport",1.86670756047872
"issue",1.86584985006326
"free",1.8607623038213
"partnership",1.85667882422453
"brought",1.85494794975354
"improving",1.84913223246466
"applications",1.84795153273384
"science",1.84583875493172
"step",1.84577317370034
"become",1.84536484008315
"decided",1.84471757156667
"accounting",1.84137359133729
"strong",1.84115064020781
"donations",1.84111915419128
"human",1.83926354593872
"best",1.83919867454087
"enable",1.83742009509444
"conditions",1.83734295586747
"remain",1.83482016345397
"face",1.8335311600609
"just",1.83194384275216
"exhibition",1.83144538125995
"testing",1.82994121221222
"explore",1.82943526489446
"details",1.82728456909604
"school",1.82699429747554
"place",1.82641471954764
"bands",1.82509364764527
"legislative",1.82356120473186
"middle",1.82238421792342
"consumption",1.81524753237346
"policies",1.81521646639332
"part",1.8144203733987
"concerned",1.81317117414755
"accounts",1.80806751449302
"visitors",1.80614557068417
"completed",1.80289998261538
"another",1.80138255433601
"creativity",1.79618448869224
"central",1.79525193956289
"rehabilitation",1.79374308827049
"return",1.79314502458809
"therefore",1.78508622515189
"eligible",1.78201922353414
"outlook",1.78156703365587
"children",1.78142410945426
"aside",1.77981147794297
"patients",1.778779993544
"soon",1.77394179254791
"respect",1.77351696428565
"establishment",1.76922690761155
"guarantee",1.7683577340749
"citizens",1.76806620561995
"problem",1.76767827132279
"risk",1.76685080190249
"implementing",1.76488956123696
"example",1.76000891098029
"unemployment",1.75813905265427
"earlier",1.75320313476007
"aim",1.74579548640495
"basis",1.74190869201308
"regulatory",1.74165569513354
"list",1.73911672413055
"values",1.72805184196151
"principles",1.71563599797368
"experience",1.71450629686634
"systems",1.71302081261605
"rise",1.7092671161692
"retirement",1.70537968907523
"way",1.70262083239999
"participation",1.70163707044284
"regard",1.70098244243416
"ease",1.70093332771143
"payments",1.70039007821917
"concessions",1.6961100036583
"ageing",1.69476943168998
"estate",1.69248854207318
"suitable",1.69235902884518
"access",1.68493013895942
"cepa",1.68349601221552
"payable",1.67793659561252
"flats",1.67362368652546
"schemes",1.67263927193637
"strengths",1.67164110302322
"compared",1.66588065184866
"foster",1.66450827643293
"workforce",1.65579904936247
"workers",1.65513822304951
"final",1.65412962875346
"employees",1.65203518862442
"strategies",1.65177342629009
"day",1.65002119206563
"base",1.64588384544762
"thereby",1.64458523679983
"setting",1.64242743004314
"taxes",1.63324785503192
"fiveyear",1.63175761541398
"assets",1.62931416250618
"times",1.62917550501652
"strategy",1.62813968373809
"stability",1.62811848203439
"upon",1.62602824153285
"encouraging",1.62510415254808
"january",1.6241652330443
"established",1.62358701528118
"changes",1.6188762025858
"maintenance",1.61730172201201
"exports",1.61676571153003
"phases",1.61262420072874
"short",1.61247328562667
"types",1.61091922260348
"issuance",1.60742265532034
"introduction",1.59887942275839
"strengthening",1.59526043755549
"allow",1.59082024102603
"progress",1.58996199963656
"quarters",1.58813567999346
"come",1.58499414484633
"schools",1.58440888099412
"move",1.58171737939862
"third",1.58117838537423
"reduced",1.58006504028987
"women",1.57790469179132
"control",1.57745416566798
"outside",1.57640132395233
"floor",1.57515802661171
"every",1.57402132633195
"fostering",1.5696407519687
"allocated",1.55635270966977
"result",1.55601593794289
"subsidised",1.54987071490877
"recently",1.54985567432823
"securities",1.54901595670722
"certification",1.54840771341285
"agreement",1.5470131432661
"money",1.54089707214783
"asian",1.53907158883699
"consumer",1.53028665134775
"collaboration",1.52812077595474
"always",1.52699008938655
"opportunity",1.52020187604003
"preparing",1.51945125703109
"approach",1.51816157728798
"currently",1.5140364453277
"run",1.51328453377822
"corporate",1.50733349795954
"raising",1.50338442236734
"direction",1.50242852482873
"rent",1.49932392923777
"bay",1.49519853374741
"standards",1.49450811761839
"primary",1.49445688846901
"asset",1.49441544291908
"assist",1.49311199207539
"fully",1.48770902049171
"reserve",1.4876397681038
"involving",1.48267956279036
"arrangement",1.48223059617236
"redevelopment",1.4799705363937
"events",1.4797798249191
"efficiency",1.4785110157392
"parents",1.47794942280711
"views",1.47698942395351
"grant",1.46993670834227
"scope",1.4687510436642
"point",1.46865578301803
"although",1.46770174193877
"namely",1.46705425265324
"favourable",1.46446044515944
"sharing",1.46326969223446
"largest",1.46183588705422
"advanced",1.46164664434788
"options",1.46019553142197
"even",1.46004740782038
"owners",1.45988047833053
"see",1.45574439164937
"required",1.45563533813236
"task",1.45384651267492
"stage",1.45364697376836
"approximately",1.45200738124165
"establish",1.45154796820188
"yet",1.44986214117262
"tap",1.44946177775446
"sustained",1.44711158305723
"helping",1.44683359297424
"received",1.44609434112035
"announce",1.44569513558423
"phase",1.44524267735932
"recommendations",1.44357211460079
"smart",1.44275763010654
"earmark",1.44189350703361
"room",1.44122915249414
"underlying",1.44039879667271
"secondary",1.43953342934339
"april",1.43886422991468
"agreements",1.43831314048723
"regards",1.43742597562861
"less",1.43591108392736
"heavily",1.43564735683131
"closely",1.43423595256232
"optimal",1.43250643310246
"valueadded",1.4321334227018
"contribute",1.43209304990757
"continuous",1.43196907697603
"age",1.43182488637443
"confidence",1.4283934100372
"highly",1.42821930485094
"adequate",1.42746053195146
"identify",1.42683867256667
"purchase",1.42646886316411
"participate",1.42304753065149
"selfreliance",1.42217029967648
"offering",1.42118522415999
"costs",1.42084620320576
"matching",1.41869379784344
"continued",1.41690098290342
"individual",1.41676451714662
"fair",1.41544734990466
"knowledgebased",1.41385439922832
"clear",1.41000263957522
"banks",1.40857614488555
"studies",1.40513383302188
"needy",1.4050454381723
"conduct",1.40205398132878
"framework",1.40200737475273
"reflected",1.39898736367911
"steady",1.3982374165765
"loan",1.39802322933494
"carry",1.39599721006298
"homes",1.3944690740222
"conservation",1.39441971339359
"light",1.39348158720874
"talents",1.39331764877558
"bureaux",1.39148799104335
"mental",1.38914862382319
"expenses",1.3825853522249
"moreover",1.38240523357147
"specific",1.38239386969702
"key",1.38127218985875
"square",1.37970244817324
"affected",1.37841068822038
"adopt",1.37782552736088
"consolidate",1.37653995959577
"convention",1.37631697641092
"series",1.37523959055467
"starting",1.37424811703938
"injection",1.37254207359904
"comprehensive",1.37203865159748
"close",1.37164637018036
"requirements",1.37062701958601
"youth",1.36732667032953
"creating",1.36526225569813
"data",1.36344538058353
"procedures",1.36168097335519
"metres",1.35981466956316
"solid",1.35875775831383
"impetus",1.35842844960436
"able",1.35835956076213
"china",1.35823938530817
"ways",1.35632204912561
"back",1.3545951845686
"factors",1.3532767985154
"exploring",1.3478980976715
"waste",1.34760458011428
"play",1.34533741436469
"site",1.34286309798999
"continuing",1.34228579450453
"taken",1.34164378219352
"onwards",1.34090723567616
"status",1.33996578982516
"revenues",1.33596222222755
"mpf",1.33521516590824
"treatment",1.33461864639623
"reducing",1.33423045668181
"plans",1.33412427673387
"edge",1.33287728253666
"tertiary",1.32992164771852
"payment",1.32915536061397
"raised",1.32579478138041
"significant",1.32358079171697
"respectively",1.32066637924488
"macao",1.31933985003643
"sme",1.31924527917684
"adjustments",1.31845799635522
"diversification",1.31739274056821
"offshore",1.31538840868259
"renewal",1.31498069264997
"today",1.30953483388023
"stock",1.30865517930271
"enjoy",1.30796510623772
"means",1.30586078601602
"allocation",1.30355217659593
"exhibitions",1.3026061924404
"enhancement",1.30110125706695
"allowances",1.30026720023438
"feasibility",1.2999946506633
"increases",1.29960755263221
"structure",1.29822036774874
"committed",1.29791992294371
"academic",1.29568491493373
"latest",1.29444020439788
"belt",1.292784120707
"eight",1.29199393010611
"importance",1.29117016533305
"direct",1.29064385110303
"digital",1.29005959448693
"premium",1.28999185593466
"adjustment",1.28864313483765
"several",1.28320653246841
"administration",1.27967777623866
"maintained",1.27909666680589
"rapid",1.27901958865305
"harbour",1.27841251383037
"downturn",1.27563472425289
"integrated",1.27491693520493
"reached",1.27253957864103
"decrease",1.27090506877004
"integration",1.26986826338511
"speech",1.26842309834632
"thus",1.2682830809238
"used",1.26665527385035
"furthermore",1.26554316549509
"onestop",1.26498433014161
"product",1.26235682340528
"water",1.25998746502535
"liberalisation",1.25757931848555
"problems",1.25718821481509
"particular",1.25696672123139
"enhanced",1.256828298701
"particularly",1.25668002694232
"start",1.25327922819742
"avoid",1.2521607965128
"source",1.24736381259733
"improved",1.24720446791776
"involve",1.24621676147009
"substantially",1.24607823918285
"action",1.2460259764553
"cash",1.24559097438031
"based",1.24465156678446
"upgrading",1.2438840756216
"hkma",1.24372048821873
"course",1.24283207663025
"effort",1.24009159750738
"considering",1.23943989762021
"levels",1.23871932961421
"recorded",1.23731296255376
"foundation",1.23204548955831
"adjust",1.22795493984783
"wider",1.22713229859124
"vehicle",1.22370163608126
"households",1.22115173451883
"deflation",1.21958711391172
"professionals",1.21827710450154
"towards",1.21812852089054
"cities",1.21773819000228
"results",1.2140600983705
"electricity",1.21140878123237
"unique",1.20996600017429
"completion",1.20826958224128
"stand",1.20679977339256
"corporations",1.20666650473149
"objective",1.20541353342389
"rights",1.20356970534951
"productivity",1.20351178588899
"monetary",1.20345900678613
"difficult",1.20119354808469
"brief",1.20053532565218
"rental",1.20014068387996
"innovative",1.19871920326132
"nurture",1.19794988602672
"board",1.19496543493133
"driving",1.19452608577976
"courses",1.19364132178753
"rising",1.18968830407392
"east",1.18822289714123
"governance",1.18822277270391
"deficits",1.18576073053613
"fourth",1.18481233409658
"suggested",1.18477962312502
"tin",1.18343012776987
"cut",1.18173884286345
"according",1.18103045451426
"overcome",1.18098359792636
"july",1.17708684983445
"great",1.17564351980862
"skills",1.17522568516161
"parks",1.17443080220107
"gradually",1.17442914599936
"especially",1.17311932854352
"turn",1.17043853350025
"drive",1.17032104071342
"provides",1.16858618038008
"arising",1.16845541322801
"poverty",1.16814022246309
"exercise",1.1678484585641
"networks",1.16741598267503
"aspirations",1.16678660858249
"terminal",1.16425329208031
"boundary",1.16425237267334
"chinese",1.16366905628726
"mechanism",1.16281930843497
"annually",1.16249443534832
"later",1.16239723854223
"shortly",1.16028675652015
"countries",1.16000607743855
"optimise",1.15864680224313
"safety",1.1584558360402
"enjoys",1.15644776938582
"subsidise",1.15466600865228
"relieve",1.15466572650696
"west",1.15416878625572
"growing",1.15372582856115
"adopted",1.15196937403007
"tsunami",1.15087034823854
"strategic",1.14952661562264
"president",1.1494144994834
"nurturing",1.14825380223384
"detailed",1.1454724376235
"offered",1.14485197963715
"regions",1.14449061636234
"visit",1.14359296987367
"purpose",1.14239531825175
"generation",1.14216724082143
"whether",1.1417633755235
"realise",1.14027853877067
"available",1.13611351376842
"tenants",1.13549039736132
"achieved",1.13263771040354
"held",1.13257652145281
"restructuring",1.13210442090737
"legal",1.13164463873415
"hotels",1.12921955230938
"network",1.12750482666783
"stimulate",1.12584488722343
"foreign",1.12301835810021
"serve",1.12193139268182
"added",1.12115239620344
"lantau",1.12028272480087
"large",1.12020800332523
"restore",1.11905966504382
"manner",1.11751033631628
"certain",1.11720159233706
"technologies",1.11687614161121
"devote",1.11116647556656
"kai",1.10758153734474
"tak",1.10758153734474
"yearonyear",1.10569405176633
"success",1.10560670928193
"targets",1.10517241929531
"organise",1.10510690056097
"equipment",1.10503284432244
"elaborate",1.10493823606391
"dedicated",1.10146960625037
"opening",1.10028159062848
"stable",1.09906493771687
"stay",1.0982210706256
"despite",1.09771913223605
"listed",1.09733195573412
"employers",1.09134264048057
"pursue",1.0912602461374
"boost",1.0899798742539
"traditional",1.08806010136951
"wai",1.08784794399376
"consult",1.08622933765625
"main",1.08617568517593
"facilitating",1.08363634659697
"dollar",1.08251108078405
"export",1.08213366411078
"coordinate",1.08075822264961
"shenzhen",1.08067548692869
"investments",1.07916912955339
"savings",1.07851563633833
"drop",1.07508220098429
"uncertainties",1.07247519272701
"kowloon",1.07122004876484
"process",1.0696361988173
"decade",1.06879927752592
"focus",1.06751094645406
"expanding",1.06624965442449
"listing",1.0658805169876
"issued",1.06494167581934
"mainlands",1.0640974178563
"mortgage",1.06268151652873
"signed",1.06159601204939
"endmarch",1.06045594203476
"participating",1.06004141253786
"meeting",1.05961755135265
"postsecondary",1.05948754972671
"simple",1.05934420564857
"much",1.05891635260141
"individuals",1.05881152088213
"sar",1.05859428983558
"limited",1.05813582000463
"response",1.05717881866758
"decline",1.05711267045132
"understanding",1.05708254529321
"change",1.0562024770406
"traffic",1.05551693429924
"introducing",1.05372700071573
"largescale",1.04926583700785
"highest",1.04840825157553
"lead",1.04139439204007
"accordance",1.03968907698898
"risks",1.03944039560998
"extended",1.03814921822213
"issues",1.03802292950895
"exchanges",1.03708007594864
"created",1.03667971173419
"secure",1.03433979170558
"formulating",1.03391049931333
"victoria",1.03200980711747
"space",1.02663763434449
"flexibility",1.02528837430078
"advantage",1.0252069397653
"understand",1.02512336154255
"targeted",1.02121261625006
"internship",1.02036019996229
"report",1.017811376825
"prosperity",1.01765863550119
"subsidies",1.01653338161195
"built",1.01482586985131
"join",1.0144973782201
"composite",1.01410617653315
"december",1.01390063916696
"vocational",1.0102527812157
"items",1.01003132393942
"ordinance",1.00987441222972
"expansion",1.00777434594901
"attracting",1.00717803253447
"essential",1.00684248595855
"november",1.00511508101221
"capitalise",1.0038831231194
"pace",1.00387643346203
"electronic",1.00269765097732
"timely",1.0026013968172
"nominal",1.00097365082728
"alleviate",0.999876748147582
"proactive",0.999125359620247
"institutional",0.998641844909794
"lowincome",0.998399280964383
"registered",0.998231380485819
"big",0.997290810702255
"apply",0.996732099851314
"selffinancing",0.996729320471182
"benefits",0.995130273291835
"upgrade",0.993571325850245
"concept",0.993519617333697
"transactions",0.993452150968243
"sales",0.993234487941439
"grants",0.993021328674192
"relatively",0.992894103890051
"healthy",0.991796963244138
"reflects",0.99155970529851
"communitys",0.989986426202456
"landscape",0.989534304305106
"affairs",0.987154386549064
"maximum",0.984916937009766
"loans",0.982685288287624
"port",0.982572934188443
"gross",0.982321421714369
"leading",0.974743658607636
"contribution",0.973965251580533
"consideration",0.972762187192613
"fell",0.968493949509821
"coverage",0.967056035847685
"substantial",0.96682489650967
"invite",0.96663300315131
"structural",0.965095906121213
"effectively",0.965022106899379
"grow",0.96332847270064
"started",0.963163755735453
"ones",0.962732015646543
"fruits",0.962161376745785
"capability",0.961302745627276
"engineering",0.960521334200591
"bringing",0.959286214693351
"charging",0.957967356931511
"aviation",0.957542638801038
"hard",0.957118683725603
"universities",0.951871197752301
"discussions",0.950786611671702
"previous",0.949067690045655
"core",0.948940128429309
"closer",0.948500147259916
"shui",0.947784571124951
"rule",0.947445572492213
"speed",0.94685103569912
"cruise",0.946023283313693
"shortterm",0.945420110861847
"link",0.945279159413099
"earnings",0.945154633376867
"futures",0.945079218816185
"pledged",0.943557335807733
"contain",0.942705643569541
"generally",0.941571036048643
"distribution",0.940570882776365
"legislation",0.940135015875231
"larger",0.939687445710664
"flows",0.939278521327048
"serious",0.938596105589701
"councils",0.93593255974686
"needed",0.93581216183792
"developed",0.935064817611791
"normal",0.934056693425278
"receive",0.933686588882452
"upward",0.933545090228061
"exceed",0.932786057913426
"links",0.931512292416516
"container",0.931050582149725
"save",0.930949645740779
"affect",0.929727375054543
"effects",0.928427321452748
"treasury",0.92728210078774
"administrative",0.927021770022159
"teaching",0.925880708492415
"top",0.92560890423801
"objectives",0.925364025300443
"unemployed",0.925031641465028
"trust",0.924969728630305
"progressively",0.924832769030021
"drug",0.921942525180216
"suggestions",0.921097462557855
"legco",0.920643489112041
"rebate",0.920257979773332
"besides",0.919736695244883
"operators",0.914159849032706
"commence",0.91360098928566
"sustain",0.912760240224015
"consensus",0.912012855622063
"seven",0.906523041202895
"antiepidemic",0.905974939578482
"premier",0.905589046722717
"north",0.905451488760454
"buses",0.90378984916093
"reviewing",0.903219404578924
"organising",0.902256127379565
"robust",0.902072044233433
"october",0.901532675716077
"follows",0.898891479786303
"ensuring",0.897784354699047
"rose",0.896679536422833
"inland",0.896516304173695
"facing",0.896079422830298
"hktb",0.894866190373576
"ago",0.89473936233757
"transaction",0.893951297260531
"cyberport",0.893860954232519
"concessionary",0.891388116176435
"annum",0.891365624355807
"ability",0.891294020809436
"option",0.89120695709847
"stabilise",0.890722888969746
"disability",0.889437125450651
"mobility",0.888063640542819
"achieving",0.887850209474446
"faced",0.887352975484828
"fact",0.88406383181552
"crucial",0.883689992411145
"cater",0.883499212406582
"duties",0.882725891063113
"single",0.882343141875046
"mutual",0.881967137666889
"wan",0.881318468016491
"foregoing",0.881056520941019
"equity",0.880562617549758
"tackle",0.880168656231896
"broaden",0.87892024089232
"fall",0.877873026773766
"countrys",0.877731136748137
"enables",0.877289010688259
"rest",0.876809749422504
"leaving",0.873937743222245
"using",0.873477064984707
"maritime",0.873422385396794
"concerted",0.872086996286739
"practice",0.871943048523455
"directions",0.868554313025716
"positive",0.867950851169783
"consolidating",0.866908616347581
"passenger",0.865621619785922
"amounted",0.864599599710152
"ideal",0.862379399971674
"hand",0.860699492698701
"amendment",0.859555368203889
"authorities",0.857829446189144
"scheduled",0.856875732504574
"pays",0.856550763969985
"supervision",0.855558735764009
"grasp",0.854536235755347
"remains",0.85437959017947
"railway",0.854374285654361
"keeping",0.852968220867819
"figure",0.85290907082814
"mind",0.852677397569704
"sound",0.851983730247044
"worlds",0.850616016502302
"chain",0.850184588858354
"staff",0.850065537939908
"reinforce",0.850029317929818
"enterprise",0.849244438734738
"dependent",0.848768802144838
"initial",0.848665787078245
"pool",0.848124341229295
"cope",0.847448939195759
"across",0.847131472537394
"live",0.84662905645892
"index",0.844267941654426
"sfc",0.844125509470897
"steering",0.842570742098824
"safeguard",0.841887572524633
"negotiations",0.84145229222621
"establishing",0.840644416820909
"wide",0.839486317458024
"employ",0.836836998845317
"significantly",0.836516113045368
"comprising",0.836116786503639
"extra",0.835865676873836
"falling",0.83410479498737
"maturity",0.83399719635799
"prd",0.832897909236186
"fluctuations",0.83231988663734
"heritage",0.831580337785388
"reserved",0.830976619794439
"brand",0.829124395500052
"involves",0.82892960210773
"manage",0.828717225186775
"generations",0.828154292761196
"cumulative",0.82720201692072
"brands",0.8270561459782
"led",0.826768311653791
"submit",0.825576908284216
"grew",0.82509356870833
"bear",0.824524448735083
"flexible",0.824405619195791
"commerce",0.823637707676443
"almost",0.822521774191788
"latter",0.821660378468728
"positioning",0.821564709042336
"appropriation",0.821460192437749
"indicated",0.821261933519895
"concern",0.820220871634423
"province",0.819257380882553
"promising",0.816974035507621
"qualifications",0.816913654741674
"flow",0.816495413062273
"seen",0.815532438211658
"greatly",0.815138253050145
"bright",0.814164666804473
"currentterm",0.809980880530138
"crossboundary",0.809332455156634
"reinforcing",0.809176968673847
"internet",0.80889009831421
"ties",0.808348226052655
"mandatory",0.808137510216876
"granted",0.805901195365629
"record",0.805748619388842
"read",0.805465694031595
"state",0.804355127454598
"goal",0.804148549090887
"priority",0.803846149604834
"promotional",0.803628735599963
"huge",0.802265920062087
"manufacturing",0.80173471507263
"settlement",0.799358832045143
"prepared",0.799319291819057
"vouchers",0.79880417987235
"intellectual",0.798070467070478
"follow",0.79727872775328
"continuously",0.795756627203272
"nevertheless",0.795137157906505
"draw",0.793186922401568
"european",0.791970664681199
"complete",0.791284677835119
"threeyear",0.790103032949688
"capable",0.789906751076505
"leveraging",0.789496529927922
"advisory",0.788954090048313
"priorities",0.78867296908636
"easing",0.788272484049821
"daily",0.788067317729745
"monitor",0.787896792500008
"japan",0.787553449341301
"amid",0.787133583285582
"said",0.786817634045111
"recognition",0.786369830115372
"car",0.786310086719307
"interests",0.786292377924042
"longer",0.78616956047801
"recreational",0.785767985958451
"scale",0.784794093570613
"connect",0.784665900222842
"cases",0.784563910338887
"tuen",0.783916739259735
"prepare",0.783090088507217
"subvention",0.782551102502433
"endeavour",0.782160988143508
"remained",0.782053316090719
"forces",0.781462101825418
"clearly",0.780233174415207
"limits",0.779107163862003
"severe",0.778904975138042
"tseung",0.778825740045599
"reflecting",0.778520095391081
"along",0.77793455615711
"scientific",0.776854910865364
"unchanged",0.776690539899639
"incubation",0.775945963956658
"preserve",0.775080218336916
"conducive",0.774801231625909
"posts",0.774005210361392
"common",0.77383617445361
"streamline",0.772245424910579
"shortage",0.771932981143958
"circumstances",0.770783562984325
"regarding",0.768908644201685
"case",0.767801265194065
"field",0.764823169373894
"handling",0.764697069780693
"outstanding",0.764645458681042
"exceeding",0.763922169946053
"contributions",0.761979310093011
"retraining",0.761272505350307
"formulate",0.760075562950959
"round",0.759142739511388
"arrivals",0.758828085722442
"institute",0.757790185089306
"cleaner",0.757635021567905
"throughout",0.757321906436485
"agree",0.756092863047188
"funded",0.755758980251933
"political",0.755204560042352
"stimulus",0.753754097511038
"debt",0.752774442049703
"immediate",0.752507228641071
"career",0.752300758470856
"island",0.751026437587272
"europe",0.750099903234699
"seize",0.749750643291551
"challenge",0.748801130664304
"investor",0.747965129199812
"meanwhile",0.747341227089848
"neighbouring",0.745846196397955
"launching",0.743149372331289
"determination",0.742659853796508
"slowdown",0.74131751787054
"remaining",0.739218007244966
"volatile",0.737101372403566
"greatest",0.736817685185197
"subvented",0.736245731395699
"vibrant",0.735297006102126
"credit",0.734255134518942
"preparation",0.734025737269923
"relocation",0.733535723630589
"studying",0.733499077284754
"conducted",0.733286888042719
"takes",0.730199594489654
"jointly",0.730079679081568
"allowed",0.728754070983125
"looking",0.727971944264569
"nine",0.727642464881194
"exceeded",0.726976923064179
"dropped",0.725343918382948
"transportation",0.724807901328619
"without",0.724795529651527
"surge",0.724359186594455
"university",0.724335275231191
"comes",0.724152412973969
"shows",0.723832903936707
"protect",0.72362794643656
"travel",0.72306527674382
"publicity",0.722334778138257
"characteristics",0.722116263869408
"endowment",0.721142299039713
"drugs",0.720617368823748
"similar",0.719487624159376
"throughput",0.719396121130232
"entering",0.719109207964162
"exceeds",0.717490254887211
"popular",0.717068466539941
"drawing",0.716568590663092
"respond",0.71579010037883
"replacement",0.7155298980084
"seeking",0.715053223883025
"achievements",0.714972890264838
"visitor",0.714495214483888
"tsing",0.714419104859761
"sources",0.711509267221159
"nation",0.711397710874825
"aware",0.71103452487208
"banking",0.710809452542247
"online",0.71040279980046
"playing",0.709873015067209
"ura",0.706498086744202
"ongoing",0.706174702825693
"kwan",0.705714352935904
"pragmatic",0.705230582623143
"experienced",0.705210284745001
"partners",0.705074504762031
"trillion",0.705017606044761
"net",0.704806236400564
"charge",0.70098395433987
"includes",0.700869929481361
"asean",0.700618940531964
"benefiting",0.700198089919643
"extending",0.699456906342995
"budgets",0.697672768739775
"worth",0.697662064128413
"etc",0.697301115470913
"creation",0.69686708314095
"trades",0.696796015889448
"leave",0.696734585613568
"corporation",0.69657098422677
"successive",0.695673716684891
"hardware",0.695449438047567
"functions",0.695272783673146
"applicants",0.695193576378801
"hkmc",0.69512383383236
"educational",0.694959371173748
"demands",0.694183518655918
"giving",0.6941489107959
"voluntary",0.693667467435817
"ready",0.691984059237381
"week",0.691348814642852
"controlling",0.691068908650215
"attractions",0.690484998403832
"let",0.690180359556496
"contributed",0.689801275788698
"hkstpc",0.689172393588598
"august",0.688340616644594
"startup",0.687318525512289
"mun",0.687154524059715
"aims",0.687135522449076
"coordination",0.686388619106364
"approval",0.686143171553913
"relationship",0.685865457245195
"incurred",0.684925163657596
"developments",0.684837613169805
"active",0.684328391799375
"recession",0.684173774384882
"optimising",0.682317828085145
"coupled",0.682183490470782
"originally",0.680278788570568
"pearl",0.680103734300114
"estates",0.679325807917482
"parent",0.676847342704738
"software",0.676132606607699
"trial",0.676130782705686
"vital",0.675895187335399
"premises",0.675401381578395
"covered",0.674395804658853
"continues",0.673304147658139
"placed",0.673259076922196
"ample",0.672316045255871
"rolled",0.670496772409968
"done",0.670478737678432
"combating",0.670029409056506
"practitioners",0.669628946189824
"delta",0.66935168408691
"leisure",0.669246879948149
"returns",0.66898906754487
"accounted",0.668744744514899
"prudent",0.66827845446406
"forwardlooking",0.668117687149584
"river",0.66774744674564
"responsibility",0.667603441848197
"leaders",0.666016744420769
"liaison",0.665766454871941
"helps",0.665528957865761
"showcase",0.665375402711656
"customs",0.664712901409866
"striving",0.664563195847697
"leads",0.660287337407233
"though",0.659830536724597
"double",0.659226010755863
"add",0.658487492542956
"thanks",0.657830452392568
"engage",0.656853407842629
"emissions",0.656736745817287
"delivery",0.655723882427195
"extension",0.655478954787863
"climate",0.653650763920097
"excellence",0.652846999993725
"infrastructural",0.652782824155201
"operational",0.652435475629547
"pursuing",0.651454387714353
"majority",0.649828217866687
"became",0.64901140461739
"covering",0.648650945499085
"inflationary",0.648514614406206
"stabilising",0.647470966389925
"countercyclical",0.645933122397275
"attain",0.645260759264642
"paid",0.644396911667773
"narrow",0.641717536521401
"carefully",0.641482121619431
"vibrancy",0.641272947421674
"points",0.640995039735233
"preserving",0.640838529618303
"consultations",0.640770477547558
"chai",0.638618529062224
"exemption",0.638597466385919
"designated",0.638361451587287
"proportion",0.637669503070389
"facilitates",0.637529727805762
"chinas",0.636690688603306
"confident",0.634504060345647
"disabled",0.634379415332867
"qualified",0.631728906156337
"london",0.631561598320893
"attractiveness",0.63124610257548
"knowledge",0.630781405045395
"vision",0.629837676956858
"hit",0.628215803674716
"outbreak",0.628104873653949
"host",0.627772584982603
"ocean",0.62490022501951
"momentum",0.624338710992038
"issuing",0.624075720236845
"stakeholders",0.623269123191609
"invited",0.622934448056164
"awards",0.622905806172949
"headline",0.622661164678251
"regulators",0.622405390733451
"liquidity",0.622017715814108
"tong",0.62147163201875
"medicine",0.62136710162017
"concerns",0.620936207359137
"abroad",0.620275942257796
"transfer",0.619750295874393
"voucher",0.617973378679785
"socioeconomic",0.617687896451008
"package",0.616673126136876
"calls",0.61636173490776
"clean",0.615990590277157
"conducting",0.615855576399045
"spirit",0.61570092821906
"participants",0.615614822618689
"mild",0.615178296793536
"regular",0.614119810151455
"considerable",0.614059231176108
"instead",0.613958163615476
"wish",0.613149649505002
"reflect",0.612640950670094
"negative",0.612297169092478
"front",0.611784032256918
"image",0.611635864792288
"hospitals",0.609607165932077
"discipline",0.60674218295201
"represents",0.606279474383175
"rail",0.605679103233112
"asked",0.605488622702205
"constraints",0.605484480351153
"technical",0.604818987170588
"roll",0.604641515802071
"prevailing",0.604160653032469
"strength",0.603267311367651
"sum",0.602126962137711
"affordability",0.600782827770303
"generated",0.600753437193661
"commensurate",0.600661762511056
"globalisation",0.59987489339675
"limit",0.599345064588755
"size",0.599341410576571
"leverage",0.599133310939669
"worldclass",0.598928525338195
"regulation",0.598458924105604
"demonstrate",0.598341330186623
"former",0.597724969856126
"september",0.597594482051422
"pointed",0.596556026200254
"sentiment",0.596113441114174
"geographical",0.59550310718926
"injected",0.595112368149888
"matter",0.594487348605308
"forecasts",0.594458963902873
"increasingly",0.594144016681388
"selected",0.594140703298289
"structures",0.594034499882658
"presented",0.59390567624145
"commitments",0.593502331795119
"kwun",0.591943689168209
"release",0.590990455223185
"discussion",0.590805632170382
"accumulated",0.590475519761576
"platforms",0.590347300725202
"peak",0.589950347862094
"hectares",0.589052026874091
"benefited",0.588847821303511
"itf",0.588530447861582
"joint",0.588459045611211
"rounds",0.587960306632449
"laid",0.586868434026647
"get",0.586842309862623
"modest",0.586767630239759
"helped",0.586308123662565
"findings",0.585560495348851
"supplement",0.585300859768613
"admission",0.584994883010973
"thank",0.584181485291509
"outpatient",0.583828033426368
"path",0.58354138951141
"sides",0.582754719302786
"class",0.58248538054084
"resolution",0.582361102097934
"statutory",0.581241121352659
"unit",0.580165762470971
"commissioning",0.579549710348017
"directly",0.579170203337063
"involved",0.579085641383365
"practices",0.578641169802924
"fundamentals",0.578145011762884
"laboratories",0.57657192419251
"repayment",0.576373547646406
"assisting",0.576068048953345
"power",0.575706382542976
"fresh",0.57482614139728
"actual",0.574529991186157
"cosmopolitan",0.574359738612665
"india",0.5734705100111
"diverse",0.573301251725267
"relations",0.572447288632425
"novel",0.57203580680601
"downward",0.571807250125993
"company",0.571655619747098
"organisation",0.57146654682209
"incentive",0.570408991859928
"student",0.570337270204419
"opened",0.568725099286331
"moving",0.568404322852042
"wellestablished",0.568084184529456
"express",0.567389976143642
"sufficient",0.566574875746445
"depending",0.566390540109094
"amounts",0.565994934665679
"update",0.565390889553528
"released",0.564106976702965
"sustainability",0.563844897069649
"attention",0.562742307865793
"successful",0.562184282946015
"creates",0.561931243910379
"enter",0.561705017620741
"providers",0.561150494461793
"monthly",0.560861570073642
"recycling",0.55917336730297
"tai",0.55898737889993
"abundant",0.558950924026961
"changing",0.55864049350661
"bearing",0.558075867848722
"collaborate",0.55768446966053
"clinical",0.557655807674608
"yuen",0.556483306016389
"notable",0.554392723453158
"disneyland",0.554325482607685
"uphold",0.554299981396101
"relieving",0.553480761895208
"blow",0.552829550831288
"younger",0.552548160612146
"kok",0.552166872031659
"late",0.551776041893362
"fulltime",0.550851241152492
"produce",0.550630566752031
"expectations",0.549679270637924
"diversity",0.549207566281036
"import",0.548546278310329
"fairs",0.548466007428643
"south",0.547363175042614
"employing",0.547145005566454
"rooms",0.547049797910491
"headquarters",0.546915575604012
"catering",0.546714558691821
"indepth",0.546262483012945
"lotteries",0.546204820408426
"look",0.545960584756462
"accepted",0.545753286333396
"kept",0.545585423678123
"rebound",0.544705825318224
"resilience",0.543078517307649
"demonstrates",0.542474592602532
"concluded",0.54189935539829
"gradual",0.541581444726949
"shipping",0.54111008478779
"expressed",0.540184788678737
"advance",0.538946949393803
"batch",0.537653055981965
"southeast",0.537056430632023
"carried",0.536025124281632
"buyers",0.535369624100525
"managing",0.534775127269969
"trends",0.534067267486901
"operations",0.53367010878851
"artificial",0.532793472116691
"independent",0.532445319924296
"transparency",0.531895333309045
"uncertain",0.531325292266001
"prudently",0.531047162254913
"fifth",0.531010236402852
"consecutive",0.530187865167808
"ngos",0.530046138644124
"elements",0.529624630180827
"engaged",0.529571803038876
"rather",0.529389007825925
"decision",0.52930891390694
"agreed",0.529170895187435
"mid",0.528890679829234
"clearing",0.528651069581284
"equal",0.527277385337977
"chung",0.527158706376378
"heavy",0.527038569163637
"others",0.526579821287341
"facilitation",0.525910384656673
"remarkable",0.525069148416077
"resource",0.524996325514923
"model",0.524176670867797
"vast",0.523049930743147
"reasons",0.521356224618205
"steadily",0.521284942639631
"ride",0.520797524231336
"user",0.520672487570116
"inevitably",0.520296119268118
"advancement",0.519915575109261
"acquire",0.518725385562459
"examine",0.517994088418844
"relating",0.517171548290853
"awareness",0.516904093802158
"blueprint",0.516471021199892
"safeguarding",0.516461552432228
"technological",0.516157699252217
"bodies",0.515732816988602
"alone",0.515140463101827
"roles",0.514788046454523
"upturn",0.514509050539524
"decades",0.513674524811281
"guidelines",0.512137711751906
"bank",0.51084108734677
"parts",0.509686566266535
"replace",0.50963193290223
"rich",0.509343752651931
"going",0.509045827253227
"wage",0.508875489040179
"concrete",0.506574804089688
"tonnes",0.50648773846437
"theme",0.506117849550059
"complement",0.505502845978537
"enormous",0.505413404467593
"took",0.504227458293813
"feel",0.504047627283033
"quite",0.503048745019098
"lives",0.502696584661114
"media",0.502329048031458
"territory",0.502138250136088
"licences",0.501456211976377
"constructing",0.501331849304536
"temporary",0.50129790695929
"render",0.499472578534104
"territories",0.498255013570444
"effectiveness",0.498224449133802
"embrace",0.497123911653994
"reclamation",0.49628448015477
"commodity",0.495316868898449
"posed",0.495216362707662
"deeply",0.494607163567334
"appreciate",0.493851977542841
"perspective",0.493412993294245
"minimum",0.493083215047767
"macro",0.492377820630208
"think",0.49172109019234
"conflicts",0.491652016263612
"offers",0.491479584532219
"degree",0.489704766206863
"ranked",0.489268549518673
"beds",0.488457559638467
"flourish",0.487683227285625
"strictly",0.485887637961285
"recommended",0.48565143277795
"firm",0.485550739505509
"bid",0.48553486442125
"cancer",0.485125411747891
"pressures",0.484543387446861
"excessive",0.484371994701853
"commenced",0.484343768936724
"stimulating",0.4842172922073
"macroeconomic",0.483801264423531
"street",0.48377882874963
"everyone",0.48279859998394
"volume",0.482592824458367
"integrate",0.482553178987663
"location",0.482005755808379
"metropolis",0.481609207047955
"stronger",0.48143292937092
"western",0.481373616075421
"renminbi",0.479923773539664
"intelligence",0.47852292827236
"restrictions",0.477793552722907
"gain",0.477214348436893
"ever",0.477187681734792
"overnight",0.476902517980689
"published",0.476229825773726
"require",0.475792068823016
"impose",0.475045811394185
"united",0.474670556118478
"revitalisation",0.474627279786794
"difficulty",0.47145510390056
"representatives",0.470136334146675
"comprises",0.469802199612033
"modern",0.469265898245045
"worldwide",0.469231859170442
"shown",0.468394440064242
"emerged",0.466369724175575
"town",0.466137251859637
"synergy",0.465932862780293
"june",0.465880109386898
"keen",0.465622822953732
"beginning",0.465466363701449
"accelerate",0.465172836502411
"criteria",0.464535231670309
"adjusted",0.46437374527898
"handled",0.464351393398774
"nongovernmental",0.463633489917781
"imported",0.46349128806573
"busiest",0.463441015805234
"bridge",0.462504040381357
"extensive",0.461988723316653
"contributing",0.461172353732054
"pressing",0.460953921737034
"hands",0.459856938664978
"instance",0.459569884853208
"choose",0.458703066746109
"tourist",0.457649452727379
"faster",0.457579914121918
"operate",0.456816389961364
"peaks",0.456052491290477
"covers",0.455833869489567
"slightly",0.454279036347306
"commissioned",0.454267442422767
"inbound",0.454258409552225
"mode",0.453115012348136
"turnover",0.452915405678485
"forge",0.452134842520132
"renowned",0.452097939440596
"facility",0.450887591056162
"managers",0.450588232183482
"averaged",0.450211723437215
"moderate",0.44925075991674
"expanded",0.448206264692869
"shopping",0.448138934090213
"berth",0.447328374532576
"natural",0.44637667305745
"enabling",0.443880611160966
"amounting",0.443772161089553
"alltime",0.443607153075425
"afford",0.443109317063929
"revitalise",0.442815524247512
"holding",0.438877659945285
"exempt",0.437580353103841
"hktdc",0.437183620521752
"want",0.436667696511753
"multinational",0.436307465269487
"ideas",0.435698255487148
"identified",0.435681388188763
"hinterland",0.43527725860976
"reference",0.435176827074121
"diversify",0.434600880751191
"associated",0.4345750395815
"twoway",0.434458851964531
"activity",0.434287271464589
"profound",0.434044507084657
"tender",0.433949264568711
"taxation",0.433667357354389
"examples",0.433137789170941
"asias",0.433032553311836
"attracted",0.432078963120823
"conference",0.431752517303392
"combined",0.431386606208624
"incentives",0.431202825220062
"optimistic",0.430595908153264
"behind",0.430067845421682
"biggest",0.429913450342311
"likely",0.428842237283517
"clearance",0.42827570556695
"prevent",0.427885285678396
"kwai",0.426762470598163
"rapidly",0.426284542725999
"recruitment",0.425931641107711
"tide",0.425273234521022
"allocating",0.423535231583321
"largely",0.422571692687335
"tung",0.422446104947747
"processing",0.422318728592429
"reunification",0.421531809164639
"institutes",0.421466234482583
"linked",0.420077109684189
"show",0.419767150337711
"uses",0.419194939943764
"discussing",0.419173822383837
"won",0.418952715186279
"contract",0.41781297743704
"valuable",0.417351386560906
"counter",0.416895855565594
"successfully",0.41660497785201
"formation",0.416111146690332
"channels",0.41601651763712
"connection",0.415174761441713
"preliminary",0.413442096566627
"issuers",0.413328277954642
"qualifying",0.412662274794525
"hardship",0.410613058534971
"proactively",0.410452043891662
"burdens",0.409150528039226
"progressive",0.408687642169132
"corresponding",0.408387212661698
"ground",0.408204064418683
"municipal",0.407688281261391
"member",0.407558485726951
"movement",0.406915492990369
"agenda",0.406616856095932
"doubled",0.406052738367151
"lease",0.405870981209837
"netting",0.405806989072682
"solutions",0.403509819010766
"beyond",0.402713708608388
"highend",0.400494224132084
"receiving",0.400032160699716
"came",0.39966098281697
"teams",0.395461353847856
"crossborder",0.395397528590698
"entry",0.395269568286616
"resolve",0.394465478385639
"grassroots",0.393102982901743
"capabilities",0.39215835953974
"supported",0.392123986310091
"personnel",0.392025453739849
"paying",0.39136594795017
"nations",0.391344157107545
"saw",0.391269932323484
"geopolitical",0.391157176826376
"caused",0.388798821926182
"passengers",0.388259605813742
"waiting",0.38765582171566
"incidents",0.387578823819611
"graduates",0.386377952350402
"handle",0.38577479936902
"array",0.385108698916452
"volatility",0.383184673339993
"asiapacific",0.381627586355815
"engaging",0.380644813428932
"affecting",0.379573068229365
"went",0.378876170014178
"lands",0.378319332027811
"avoidance",0.377718305140164
"proper",0.376606498619982
"boosting",0.375257127366907
"variety",0.373733248244929
"relax",0.372543853355689
"wages",0.37191769428275
"drawn",0.371261464074232
"parallel",0.370647807472248
"airports",0.37064150360847
"choice",0.370444609860492
"quantitative",0.36948144452802
"consolidation",0.368386848178732
"purposes",0.367964237592431
"crises",0.366671837372996
"hence",0.36659718568611
"russia",0.36581320393988
"tourists",0.364524567854111
"considered",0.363325154352338
"cause",0.363244008872605
"industrys",0.363188006689861
"household",0.362420115979221
"requires",0.362144165182799
"ratio",0.361532465059484
"tie",0.361426031172848
"unstable",0.361040587750125
"implications",0.360500306324061
"find",0.359702436058086
"things",0.358742856811254
"susceptible",0.357125988493956
"resulting",0.356120037465205
"complementary",0.355335797212654
"causing",0.352970355591682
"specialist",0.352404116753554
"eventually",0.351730672232
"factor",0.351380769357447
"association",0.350386889659038
"mean",0.349801071193849
"resilient",0.349496327152879
"test",0.344573940085766
"form",0.344484043819076
"flat",0.344005093989806
"shifting",0.343514823802494
"employs",0.340102322106626
"experts",0.338554670570919
"shocks",0.337704162947151
"amendments",0.335811202302227
"horizons",0.335677407876145
"enrich",0.335125002248173
"retain",0.334359063326489
"hold",0.334286833931307
"section",0.334269907673114
"modes",0.334078656418659
"prolonged",0.334057668791767
"assess",0.332473775762658
"multiple",0.332370797869892
"might",0.331418512652143
"kongzhuhaimacao",0.330121093522228
"allowing",0.329918567430021
"ecosystem",0.328209195425387
"queen",0.327083397258698
"chau",0.3264610433789
"applied",0.326294895870016
"beset",0.324410818553811
"guangzhoushenzhenhong",0.324023051330555
"tomorrow",0.323382832487865
"shrinking",0.322172436939568
"grown",0.322127720667186
"near",0.319341819516822
"entire",0.317825075675938
"presents",0.313451166378408
"act",0.312894985543438
"submitted",0.311396875358197
"resulted",0.309407930165025
"unprecedented",0.302623616184503
"expertise",0.302126494250968
"choices",0.296833187338639
"jurisdictions",0.29666886925018
"cluster",0.293573491519682
"expedite",0.293137381113638
"stream",0.292230389465177
"deal",0.291142973942733
"nature",0.29092793397066
"costing",0.284413661830425
"provisions",0.281426979442255
"processes",0.279153255487003
"lines",0.275994531991253
"shatin",0.274008577010058
"map",0.27291900032074
"sharply",0.270228481306024
"prudence",0.268939873966414
"makes",0.265868332099075
"triggered",0.264151898892486
"tenacity",0.263775809203467
"wisdom",0.247961212942583
"easy",0.214322101385045
"twothirds",0.164060759337456
